{
  "images" : [
    {
      "idiom" : "universal",
      "filename" : "new_feature_1.png",
      "scale" : "1x"
    },
    {
      "idiom" : "universal",
      "filename" : "new_feature_1@2x.png",
      "scale" : "2x"
    },
    {
      "idiom" : "universal",
      "scale" : "3x"
    },
    {
      "idiom" : "universal",
      "filename" : "new_feature_1-568h@2x.png",
      "unassigned" : true,
      "subtype" : "retina4",
      "scale" : "2x"
    }
  ],
  "info" : {
    "version" : 1,
    "author" : "xcode"
  }
}